,Role,Company,Location,Apply Here
1,Software Engineer Intern - Fall 2022,LinkedIn,"Sunnyvale, CA (Hybrid)",https://www.linkedin.com/jobs/view/3198534418
2,Mobile Engineer Intern - Fall 2022,LinkedIn,"Sunnyvale, CA (Hybrid)",https://www.linkedin.com/jobs/view/3120069353
3,UI Engineer Intern - Fall 2022,LinkedIn,"Sunnyvale, CA (Hybrid)",https://www.linkedin.com/jobs/view/3120069309
4,2023 Applied Science Internship - Machine Learning,Amazon,"Seattle, WA",https://www.linkedin.com/jobs/view/3167478198
5,2023 Research Science Internship - United States,Amazon,"Seattle, WA",https://www.linkedin.com/jobs/view/3184706167
6,2023 Amazon Business Unit Finance Summer Internship,Amazon,"Seattle, WA",https://www.linkedin.com/jobs/view/3124306505
7,Human Resources Intern – Field Operations,Amazon,"Fort Worth, TX",https://www.linkedin.com/jobs/view/3181573460
8,Product Design Engineer Internship – 2023 (US),Amazon,"Seattle, WA",https://www.linkedin.com/jobs/view/3179914207
9,User Experience (UX) Designer Internship – 2023,Amazon,"Seattle, WA",https://www.linkedin.com/jobs/view/3179911504
10,2023 Data Science Internship,Amazon,"Seattle, WA",https://www.linkedin.com/jobs/view/3183082065
11,Product Management: Intern Opportunities for University Students,Microsoft,Multiple Locations (Hybrid),https://www.linkedin.com/jobs/view/3203330691
12,Business Operations: For MBA Graduates,Microsoft,"Redmond, WA (Hybrid)",https://www.linkedin.com/jobs/view/3188251430
13,Finance: Intern Opportunities for University Students,Microsoft,"Redmond, WA (Hybrid)",https://www.linkedin.com/jobs/view/3217577294
14,Software Engineering: Intern Opportunities for University Students,Microsoft,Multiple Locations (Hybrid),https://www.linkedin.com/jobs/view/3198228443
15,Technical Program Management: For University Students,Microsoft,Multiple Locations (Hybrid),https://www.linkedin.com/jobs/view/3204318486
16,"2022 Summer Intern: Walmart Connect Strategy Manager, MBA Intern",Walmart,"San Bruno, CA (On-site)",https://www.linkedin.com/jobs/view/3219629576
17,Deals Data & Analytics Intern - Summer 2023,PwC,Multiple Locations (Remote),https://www.linkedin.com/jobs/view/3184799574
18,Strategy& Consulting Intern - Summer 2023,PwC,Multiple Locations (Remote),https://www.linkedin.com/jobs/view/3185301295
19,Business Analyst Internship (Spring 2023),Tesla,"Fremont, CA (On-site)",https://www.linkedin.com/jobs/view/3204507676
20,Product Management Internship (Spring 2023),Tesla,"Palo Alto, CA",https://www.linkedin.com/jobs/view/3204507185
21,Data Engineering/Scientist Internship (Spring 2023),Tesla,"Fremont, CA (On-site)",https://www.linkedin.com/jobs/view/3202380807
22,"Logistics Internship, Supply Chain (Spring 2023)",Tesla,"Fremont, CA (On-site)",https://www.linkedin.com/jobs/view/3206025453
23,"Associate Recruiter, Internships",Tesla,Multiple Locations (On-site),https://www.linkedin.com/jobs/view/3202990017
24,Software Engineering Internship (Spring 2023),Tesla,Multiple Locations (On-site),https://www.linkedin.com/jobs/view/3199644026
25,Product Manager Intern - Analytics,Oracle,United States (Remote),https://www.linkedin.com/jobs/view/3166764432
26,Software Engineer Intern - Analytics Cloud,Oracle,United States (Remote),https://www.linkedin.com/jobs/view/3166700052
27,ADA Software Engineer Intern,Oracle,United States (Remote),https://www.linkedin.com/jobs/view/3184411957
28,Data Engineer Trainee,Dice,United States (Remote),https://www.linkedin.com/jobs/view/3200575904
29,Software Engineer Co-Op Fall 2022,Motorola Solutions,"Utah, United States (Remote)",https://www.linkedin.com/jobs/view/3217634216
30,Software Engineer Intern,Intuit,Multiple Locations (On-site),https://www.linkedin.com/jobs/view/3199631777
31,Software Engineer - Intern (Summer 2023),Roblox,"San Mateo, CA (On-site)",https://www.linkedin.com/jobs/view/3193039978
32,Data Science Consultant - Intern,ZS,Buffalo-Niagara Falls Area,https://www.linkedin.com/jobs/view/3212163840
33,Data Analyst (Intern) United States,Cisco,"Raleigh, NC",https://www.linkedin.com/jobs/view/3212396752
34,Business Analytics MBA Internship for Customer Experience,HP,"Fort Collins, CO (Hybrid)",https://www.linkedin.com/jobs/view/3219729251
35,Data Analyst Intern,Airbus Group,"Mobile, AL (On-site)",https://www.linkedin.com/jobs/view/3194057888
36,2023 Summer Intern: eCommerce Business Intelligence Intern,PepsiCo,United States (Remote),https://www.linkedin.com/jobs/view/3190531011
37,2023 Summer Intern: eCommerce-Data and Technology Engineering Intern,PepsiCo,United States (Remote),https://www.linkedin.com/jobs/view/3190525697
38,Data and Statistics Intern - NYC,UN Women,"New York, NY (On-site)",https://www.linkedin.com/jobs/view/3217622757
39,Data Scientist Intern - Fall 2022,Blackberry,"Irving, TX",https://www.linkedin.com/jobs/view/3089434255
40,Finance & Operations Intern,Mercedes-Benz,"Long Beach, CA",https://www.linkedin.com/jobs/view/3200492998